{"training/train_loss_mean": 0.02728976378571242, "time/training": 1441.7832663059235, "training/train_loss_std": 0.001256675335987859, "_timestamp": 1650936282.2456794, "_step": 14, "training/action_error": 0.026395151391625404, "_runtime": 34102.329996824265, "evaluation/target_4500_return_std": 18.072324540738748, "evaluation/target_4100_lenght_std": 0.0, "evaluation/target_3100_lenght_std": 0.0, "evaluation/target_2500_lenght_mean": 1000.0, "evaluation/target_3500_lenght_mean": 1000.0, "evaluation/target_5100_lenght_mean": 1000.0, "evaluation/target_2900_return_std": 18.924595363981656, "evaluation/target_3700_return_mean": 4991.404481142112, "evaluation/target_4500_lenght_std": 0.0, "evaluation/target_4700_return_std": 17.975982897301602, "evaluation/target_2700_return_std": 19.339672127459735, "evaluation/target_2500_lenght_std": 0.0, "evaluation/target_5100_lenght_std": 0.0, "evaluation/target_2900_lenght_mean": 1000.0, "evaluation/target_3700_return_std": 18.205275169173667, "evaluation/target_4300_lenght_std": 0.0, "evaluation/target_2500_return_mean": 4988.999245150881, "evaluation/target_3700_lenght_std": 0.0, "evaluation/target_2500_return_std": 20.28687221870555, "evaluation/target_4700_lenght_mean": 1000.0, "evaluation/target_3900_lenght_std": 0.0, "evaluation/target_4500_return_mean": 4993.550023348751, "evaluation/target_training/action_erro_std": 0.0, "evaluation/target_3300_lenght_std": 0.0, "evaluation/target_3300_lenght_mean": 1000.0, "evaluation/target_3900_return_mean": 4991.7519917947675, "evaluation/target_2700_return_mean": 4990.311930956584, "evaluation/target_4900_return_std": 18.510410102537687, "evaluation/target_3100_return_mean": 4985.831496558559, "evaluation/target_3700_lenght_mean": 1000.0, "evaluation/target_4100_return_mean": 4992.138958224893, "evaluation/target_4300_return_mean": 4992.872982443212, "evaluation/target_4900_return_mean": 4990.683934709731, "evaluation/target_training/action_erro_mean": 0.026395151391625404, "evaluation/target_3900_return_std": 18.940883770551263, "evaluation/target_4300_lenght_mean": 1000.0, "evaluation/target_4100_return_std": 21.029935151445343, "evaluation/target_2900_lenght_std": 0.0, "evaluation/target_4700_lenght_std": 0.0, "evaluation/target_2700_lenght_std": 0.0, "evaluation/target_5100_return_std": 17.456392811505154, "time/evaluation": 4058.0064504146576, "evaluation/target_3500_lenght_std": 0.0, "evaluation/target_3300_return_mean": 4986.806670342386, "evaluation/target_4700_return_mean": 4991.749168430035, "evaluation/target_2700_lenght_mean": 1000.0, "evaluation/target_4900_lenght_std": 0.0, "evaluation/target_3300_return_std": 16.129025646816068, "evaluation/target_5100_return_mean": 4994.556032305817, "evaluation/target_3900_lenght_mean": 1000.0, "evaluation/target_3500_return_mean": 4989.276611828118, "evaluation/target_4100_lenght_mean": 1000.0, "evaluation/target_4300_return_std": 15.784184664025116, "evaluation/target_3500_return_std": 18.98289212096279, "evaluation/target_2900_return_mean": 4987.500970027151, "evaluation/target_3100_lenght_mean": 1000.0, "evaluation/target_4900_lenght_mean": 1000.0, "evaluation/target_3100_return_std": 21.041627963730644, "evaluation/target_4500_lenght_mean": 1000.0}
