{"_runtime": 35551.81819152832, "training/action_error": 0.032196223735809326, "training/train_loss_std": 0.002369948238005879, "_step": 14, "_timestamp": 1650936703.8757367, "training/train_loss_mean": 0.028656330173276366, "time/training": 1430.130546092987, "evaluation/target_6000_lenght_mean": 1000.0, "evaluation/target_8800_return_std": 237.82692448398927, "evaluation/target_10000_lenght_std": 0.0, "evaluation/target_9200_return_mean": 10445.905734089187, "evaluation/target_10800_return_mean": 10541.185773359352, "evaluation/target_11200_lenght_std": 0.0, "evaluation/target_10400_lenght_mean": 1000.0, "evaluation/target_8000_return_mean": 10570.412818531573, "evaluation/target_7600_return_std": 150.87062199223354, "evaluation/target_11600_lenght_mean": 1000.0, "evaluation/target_9200_lenght_std": 0.0, "evaluation/target_11600_return_mean": 10559.000281672426, "time/evaluation": 4627.832361936569, "evaluation/target_7200_return_mean": 10566.116079345202, "evaluation/target_7600_lenght_std": 0.0, "evaluation/target_8400_return_std": 513.3756071872507, "evaluation/target_6800_return_mean": 10594.832607339253, "evaluation/target_9600_lenght_mean": 1000.0, "evaluation/target_10800_lenght_mean": 1000.0, "evaluation/target_10400_return_std": 171.3258127201618, "evaluation/target_10800_lenght_std": 0.0, "evaluation/target_7600_lenght_mean": 1000.0, "evaluation/target_8000_lenght_mean": 1000.0, "evaluation/target_6000_lenght_std": 0.0, "evaluation/target_6000_return_mean": 10616.313960644973, "evaluation/target_7200_lenght_mean": 1000.0, "evaluation/target_9200_lenght_mean": 1000.0, "evaluation/target_12000_lenght_mean": 1000.0, "evaluation/target_10000_return_std": 170.18835279250322, "evaluation/target_10800_return_std": 194.4378110864782, "evaluation/target_12000_return_std": 146.8351245218495, "evaluation/target_6800_lenght_std": 0.0, "evaluation/target_8800_return_mean": 10527.975287606027, "evaluation/target_12000_return_mean": 10586.374510082269, "evaluation/target_9600_return_mean": 10520.294607156511, "evaluation/target_7200_lenght_std": 0.0, "evaluation/target_11600_lenght_std": 0.0, "evaluation/target_6400_lenght_std": 0.0, "evaluation/target_7200_return_std": 179.64490599393474, "evaluation/target_12000_lenght_std": 0.0, "evaluation/target_9200_return_std": 1032.406983902339, "evaluation/target_6800_lenght_mean": 1000.0, "evaluation/target_10000_lenght_mean": 1000.0, "evaluation/target_10400_lenght_std": 0.0, "evaluation/target_11600_return_std": 148.44742726128055, "evaluation/target_6000_return_std": 152.36601846186556, "evaluation/target_8800_lenght_std": 0.0, "evaluation/target_6400_return_std": 327.22852521141516, "evaluation/target_8800_lenght_mean": 1000.0, "evaluation/target_7600_return_mean": 10591.53538299042, "evaluation/target_8000_lenght_std": 0.0, "evaluation/target_11200_return_std": 181.72177728162146, "evaluation/target_9600_lenght_std": 0.0, "evaluation/target_6800_return_std": 129.70329925494943, "evaluation/target_8400_lenght_std": 0.0, "evaluation/target_8000_return_std": 156.80571509932054, "evaluation/target_10000_return_mean": 10599.442982151348, "evaluation/target_11200_return_mean": 10554.329901900157, "evaluation/target_8400_lenght_mean": 1000.0, "evaluation/target_6400_lenght_mean": 1000.0, "evaluation/target_11200_lenght_mean": 1000.0, "evaluation/target_training/action_erro_std": 0.0, "evaluation/target_8400_return_mean": 10549.464462331782, "evaluation/target_training/action_erro_mean": 0.032196223735809326, "evaluation/target_9600_return_std": 619.9260699381284, "evaluation/target_10400_return_mean": 10554.608285585824, "evaluation/target_6400_return_mean": 10539.601827486878}
