{"time/training": 1461.8790020942688, "_timestamp": 1650942544.9164503, "training/train_loss_std": 0.0033249030405061355, "_step": 14, "training/action_error": 0.062825046479702, "_runtime": 41379.10410904884, "training/train_loss_mean": 0.05931178359016776, "evaluation/target_2300_return_mean": 3540.2641944137217, "evaluation/target_1800_lenght_std": 40.411735919160904, "evaluation/target_2100_return_std": 189.0383592213949, "evaluation/target_3500_lenght_std": 61.30720675418184, "evaluation/target_2900_lenght_std": 67.03047366683305, "evaluation/target_2000_lenght_std": 60.10915071767359, "evaluation/target_2800_lenght_std": 78.00526328396053, "evaluation/target_3100_return_std": 164.4349435967613, "evaluation/target_3600_return_mean": 3558.9295552017256, "evaluation/target_3200_return_std": 216.34282779687985, "evaluation/target_2000_return_mean": 3557.9827652698655, "evaluation/target_3400_lenght_std": 73.806880438073, "evaluation/target_3100_lenght_mean": 987.25, "evaluation/target_3300_return_std": 218.509926745668, "evaluation/target_3000_return_mean": 3592.2958677739584, "evaluation/target_training/action_erro_std": 0.0, "evaluation/target_2600_lenght_std": 30.941704865763295, "evaluation/target_3000_return_std": 67.50121925348026, "evaluation/target_2700_lenght_mean": 989.2, "evaluation/target_2100_lenght_mean": 990.69, "evaluation/target_2300_return_std": 247.86638058203684, "evaluation/target_2700_lenght_std": 58.41078667506543, "evaluation/target_2400_return_mean": 3557.8392621902517, "evaluation/target_3000_lenght_std": 24.120404225468523, "evaluation/target_3300_lenght_mean": 980.94, "evaluation/target_2400_lenght_mean": 983.3, "evaluation/target_3500_return_std": 194.9824494905699, "evaluation/target_2700_return_std": 193.46323423878758, "evaluation/target_3100_lenght_std": 50.49641076353843, "evaluation/target_3400_lenght_mean": 980.62, "evaluation/target_3200_return_mean": 3566.274900303983, "evaluation/target_1800_return_std": 121.20572801934536, "evaluation/target_1900_return_std": 69.10508987232974, "evaluation/target_2200_return_mean": 3543.4167970148715, "evaluation/target_2300_lenght_mean": 978.94, "evaluation/target_2200_lenght_std": 71.61950781735379, "evaluation/target_3000_lenght_mean": 995.19, "evaluation/target_3200_lenght_mean": 986.07, "evaluation/target_2800_lenght_mean": 976.83, "evaluation/target_2900_return_mean": 3557.0500379301684, "evaluation/target_3200_lenght_std": 64.6311465162115, "evaluation/target_1800_return_mean": 3571.560692481732, "evaluation/target_1900_lenght_mean": 996.23, "evaluation/target_2000_lenght_mean": 985.5, "evaluation/target_training/action_erro_mean": 0.062825046479702, "evaluation/target_2500_return_mean": 3564.888375254975, "evaluation/target_2600_return_std": 89.31609990750282, "evaluation/target_2400_lenght_std": 58.95803592386708, "evaluation/target_3600_return_std": 213.87656458057555, "evaluation/target_3600_lenght_mean": 983.62, "evaluation/target_3100_return_mean": 3565.80641274898, "evaluation/target_2600_lenght_mean": 994.53, "evaluation/target_2500_lenght_mean": 987.58, "evaluation/target_3400_return_std": 241.30771680079474, "evaluation/target_3500_return_mean": 3567.395384506092, "evaluation/target_2200_lenght_mean": 981.69, "evaluation/target_2600_return_mean": 3591.0241829866704, "time/evaluation": 6812.385052680969, "evaluation/target_2900_return_std": 221.82496288507312, "evaluation/target_2100_lenght_std": 56.09771742236933, "evaluation/target_3300_return_mean": 3554.9310979556676, "evaluation/target_2000_return_std": 189.6281262181406, "evaluation/target_3600_lenght_std": 65.89898026525145, "evaluation/target_2500_return_std": 224.28270609381505, "evaluation/target_2800_return_std": 249.88365044961932, "evaluation/target_3500_lenght_mean": 988.08, "evaluation/target_2700_return_mean": 3567.4452075337713, "evaluation/target_1900_return_mean": 3593.522962194175, "evaluation/target_2500_lenght_std": 64.37269296836976, "evaluation/target_1800_lenght_mean": 990.46, "evaluation/target_1900_lenght_std": 23.145995333966518, "evaluation/target_2900_lenght_mean": 985.66, "evaluation/target_3300_lenght_std": 67.71496437272933, "evaluation/target_2100_return_mean": 3578.0097008343023, "evaluation/target_2400_return_std": 180.78437307759648, "evaluation/target_2800_return_mean": 3532.741016629722, "evaluation/target_3400_return_mean": 3550.4481620034344, "evaluation/target_2200_return_std": 226.20874375400314, "evaluation/target_2300_lenght_std": 76.97555715939961}
