{"training/action_error": 0.07148002833127975, "_timestamp": 1651363701.9288995, "training/train_loss_mean": 0.07103584038466215, "time/training": 1623.6960508823395, "training/train_loss_std": 0.006494288910464976, "_runtime": 39632.812722444534, "_step": 14, "evaluation/target_6800_lenght_mean": 1000.0, "evaluation/target_10000_return_mean": 4020.6706014541032, "evaluation/target_6400_lenght_std": 0.0, "evaluation/target_6000_lenght_std": 0.0, "evaluation/target_12000_lenght_std": 0.0, "evaluation/target_10000_return_std": 1026.4356886081578, "evaluation/target_training/action_erro_mean": 0.07148002833127975, "evaluation/target_9200_return_std": 537.8341830644584, "evaluation/target_7200_return_mean": 4222.110398038228, "evaluation/target_8400_return_std": 626.4734284698518, "evaluation/target_12000_return_mean": 4195.122344921203, "evaluation/target_6000_return_std": 666.1631325250462, "evaluation/target_8800_return_std": 659.5648435141266, "evaluation/target_8400_lenght_std": 0.0, "evaluation/target_10400_return_mean": 4315.134985782979, "evaluation/target_6400_return_std": 579.3397445135843, "evaluation/target_7600_return_std": 634.165478558973, "evaluation/target_9200_lenght_std": 0.0, "evaluation/target_6400_lenght_mean": 1000.0, "evaluation/target_7200_lenght_std": 0.0, "evaluation/target_8400_lenght_mean": 1000.0, "evaluation/target_10400_lenght_mean": 1000.0, "evaluation/target_8000_lenght_std": 0.0, "evaluation/target_8000_return_mean": 4168.905619864952, "evaluation/target_10400_return_std": 460.63863271763137, "evaluation/target_11600_return_mean": 4234.4781895125, "evaluation/target_9600_return_mean": 4239.413331377856, "evaluation/target_6800_return_std": 798.0281847927075, "evaluation/target_9600_lenght_mean": 1000.0, "evaluation/target_10000_lenght_std": 0.0, "evaluation/target_7600_lenght_mean": 1000.0, "evaluation/target_training/action_erro_std": 0.0, "evaluation/target_8000_return_std": 814.4710935288364, "evaluation/target_11200_lenght_std": 0.0, "evaluation/target_10800_return_std": 722.1316600970835, "evaluation/target_9200_return_mean": 4275.185358670627, "evaluation/target_8800_lenght_std": 0.0, "evaluation/target_11200_return_std": 663.5566816891519, "evaluation/target_6800_lenght_std": 0.0, "evaluation/target_6000_lenght_mean": 1000.0, "evaluation/target_11600_lenght_mean": 1000.0, "evaluation/target_10800_lenght_std": 0.0, "evaluation/target_7600_lenght_std": 0.0, "evaluation/target_11200_return_mean": 4119.0407408320325, "evaluation/target_9200_lenght_mean": 1000.0, "evaluation/target_10000_lenght_mean": 1000.0, "evaluation/target_7200_lenght_mean": 1000.0, "evaluation/target_11600_lenght_std": 0.0, "evaluation/target_10800_lenght_mean": 1000.0, "evaluation/target_12000_lenght_mean": 1000.0, "evaluation/target_10800_return_mean": 4166.617212120574, "evaluation/target_6000_return_mean": 4289.760446153542, "evaluation/target_12000_return_std": 715.0260202054301, "evaluation/target_9600_return_std": 624.7285284859587, "evaluation/target_9600_lenght_std": 0.0, "evaluation/target_7200_return_std": 579.4446796248909, "evaluation/target_8400_return_mean": 4220.937760439597, "evaluation/target_6400_return_mean": 4314.760344616525, "time/evaluation": 5921.665558576584, "evaluation/target_7600_return_mean": 4262.492051082854, "evaluation/target_8800_lenght_mean": 1000.0, "evaluation/target_11600_return_std": 620.5720300776003, "evaluation/target_8800_return_mean": 4261.431533084027, "evaluation/target_8000_lenght_mean": 1000.0, "evaluation/target_10400_lenght_std": 0.0, "evaluation/target_11200_lenght_mean": 1000.0, "evaluation/target_6800_return_mean": 4231.35098097583}
