{"_timestamp": 1651345220.0531235, "training/action_error": 0.07052123546600342, "_runtime": 21150.93630862236, "training/train_loss_mean": 0.07881020781174303, "time/training": 950.5101113319397, "_step": 14, "training/train_loss_std": 0.006112385109859429, "evaluation/target_5100_return_std": 1241.185901037912, "evaluation/target_4100_return_mean": 1803.1735501505732, "evaluation/target_3100_lenght_std": 382.7253746487159, "evaluation/target_4300_lenght_std": 398.0067711735568, "evaluation/target_3300_return_mean": 1821.195355120739, "evaluation/target_3500_lenght_mean": 491.88, "evaluation/target_4900_lenght_std": 329.5219475239851, "evaluation/target_3100_return_mean": 1947.7968610341359, "evaluation/target_2900_return_mean": 2401.300356795164, "evaluation/target_4700_lenght_mean": 364.83, "evaluation/target_3700_return_std": 1425.7645649791777, "evaluation/target_5100_lenght_mean": 302.66, "evaluation/target_3300_lenght_std": 389.81319769858993, "evaluation/target_2700_lenght_std": 355.4761280311239, "evaluation/target_2700_lenght_mean": 674.32, "evaluation/target_2500_return_std": 1118.579580178484, "evaluation/target_4900_lenght_mean": 313.19, "evaluation/target_5100_lenght_std": 317.4952037433006, "time/evaluation": 2376.769450902939, "evaluation/target_3900_return_mean": 1664.7465580094376, "evaluation/target_3700_lenght_std": 379.98070200998364, "evaluation/target_4300_return_mean": 1666.0999692779048, "evaluation/target_training/action_erro_mean": 0.07052123546600342, "evaluation/target_4100_return_std": 1505.336116926169, "evaluation/target_3900_lenght_mean": 476.08, "evaluation/target_4500_return_std": 1418.4747002298984, "evaluation/target_2500_lenght_mean": 767.09, "evaluation/target_3700_lenght_mean": 492.31, "evaluation/target_2500_lenght_std": 305.13967605016563, "evaluation/target_4700_lenght_std": 350.9285982931571, "evaluation/target_2900_lenght_mean": 682.7, "evaluation/target_4500_lenght_std": 363.0901326117249, "evaluation/target_4700_return_mean": 1283.099521907267, "evaluation/target_3300_return_std": 1419.0836171913822, "evaluation/target_3900_return_std": 1468.6491269038222, "evaluation/target_training/action_erro_std": 0.0, "evaluation/target_3700_return_mean": 1723.6644393448555, "evaluation/target_2700_return_mean": 2365.5427806347725, "evaluation/target_3100_return_std": 1462.1970666960294, "evaluation/target_3300_lenght_mean": 532.47, "evaluation/target_4100_lenght_std": 401.89857862401055, "evaluation/target_2900_lenght_std": 347.0309064046025, "evaluation/target_4900_return_mean": 1053.833867080351, "evaluation/target_4100_lenght_mean": 518.15, "evaluation/target_3500_lenght_std": 380.9617114619263, "evaluation/target_3100_lenght_mean": 548.26, "evaluation/target_5100_return_mean": 1026.055295070414, "evaluation/target_4700_return_std": 1391.3763839433566, "evaluation/target_4500_return_mean": 1310.4210242815539, "evaluation/target_3500_return_mean": 1694.743224812698, "evaluation/target_4300_return_std": 1528.629841005108, "evaluation/target_4300_lenght_mean": 473.51, "evaluation/target_2700_return_std": 1315.1129569573566, "evaluation/target_3900_lenght_std": 389.3226086422417, "evaluation/target_4900_return_std": 1265.4454620982572, "evaluation/target_2500_return_mean": 2674.468605586966, "evaluation/target_4500_lenght_mean": 376.34, "evaluation/target_2900_return_std": 1300.759513694448, "evaluation/target_3500_return_std": 1406.4276341405414}
