{"time/training": 675.490142583847, "_runtime": 22565.082086086273, "training/train_loss_std": 0.006021998446233599, "training/train_loss_mean": 0.10262345790266991, "training/action_error": 0.10522650182247162, "_timestamp": 1651346634.1978242, "_step": 14, "evaluation/target_1900_return_mean": 2357.7324043423437, "evaluation/target_2500_return_mean": 2499.533427644889, "evaluation/target_3600_lenght_std": 221.28069301229155, "evaluation/target_3200_lenght_mean": 932.99, "evaluation/target_2500_lenght_mean": 949.29, "evaluation/target_1900_lenght_std": 111.71389304826862, "evaluation/target_2400_lenght_std": 150.60818404057596, "evaluation/target_2600_lenght_std": 137.37606632889154, "evaluation/target_3500_lenght_std": 185.49501637510372, "evaluation/target_3400_return_mean": 2437.211874996786, "evaluation/target_2300_return_std": 488.065778781197, "evaluation/target_2400_return_mean": 2419.6697335459876, "evaluation/target_training/action_erro_mean": 0.10522650182247162, "evaluation/target_2700_return_mean": 2514.2435002351094, "evaluation/target_2200_lenght_std": 170.41892031109694, "evaluation/target_3300_lenght_mean": 930.52, "evaluation/target_3200_return_std": 469.7339900158402, "evaluation/target_2100_lenght_std": 207.69433766956672, "evaluation/target_3400_lenght_mean": 937.4, "evaluation/target_2600_lenght_mean": 960.58, "evaluation/target_1800_lenght_std": 119.74343405798918, "evaluation/target_3100_return_mean": 2380.313784409399, "evaluation/target_2900_lenght_mean": 937.06, "evaluation/target_3600_lenght_mean": 915.43, "evaluation/target_2200_return_std": 456.74747983541187, "evaluation/target_2000_lenght_mean": 957.51, "evaluation/target_2300_return_mean": 2418.6063265338885, "evaluation/target_2300_lenght_mean": 912.22, "evaluation/target_3600_return_std": 620.4020849828253, "evaluation/target_2800_return_std": 437.3041246573038, "evaluation/target_2100_return_mean": 2280.23445168611, "evaluation/target_3500_return_std": 545.8796237400674, "evaluation/target_1800_return_mean": 2279.51862222188, "evaluation/target_2800_lenght_mean": 935.61, "evaluation/target_1800_lenght_mean": 934.3, "evaluation/target_3300_return_mean": 2495.4358789653056, "evaluation/target_3000_lenght_mean": 895.59, "evaluation/target_2300_lenght_std": 187.28195748656623, "evaluation/target_3500_return_mean": 2457.823913567201, "evaluation/target_2600_return_std": 429.03015762804307, "evaluation/target_3400_lenght_std": 176.3156827965113, "evaluation/target_2000_return_mean": 2420.2518743454298, "evaluation/target_2700_lenght_std": 175.0551981518972, "evaluation/target_2000_return_std": 294.30442233440135, "evaluation/target_2800_lenght_std": 152.3394824068928, "evaluation/target_1900_lenght_mean": 943.69, "evaluation/target_3100_lenght_std": 244.3608430170431, "evaluation/target_2000_lenght_std": 96.74983152440112, "evaluation/target_3200_return_mean": 2539.7566753672522, "evaluation/target_2600_return_mean": 2585.878192304101, "evaluation/target_2400_return_std": 415.9734636635005, "evaluation/target_3000_lenght_std": 234.60695194303173, "evaluation/target_2100_lenght_mean": 889.61, "evaluation/target_2500_lenght_std": 118.18961841041708, "evaluation/target_3000_return_mean": 2435.822338910519, "time/evaluation": 5299.576056480408, "evaluation/target_2900_return_mean": 2610.2965583206665, "evaluation/target_training/action_erro_std": 0.0, "evaluation/target_2900_return_std": 432.38945422718746, "evaluation/target_2400_lenght_mean": 948.93, "evaluation/target_3500_lenght_mean": 937.83, "evaluation/target_2200_return_mean": 2390.8947316833846, "evaluation/target_2500_return_std": 331.8218221198856, "evaluation/target_2100_return_std": 531.4405749270742, "evaluation/target_3600_return_mean": 2354.760926891501, "evaluation/target_2700_return_std": 487.7819200488809, "evaluation/target_3200_lenght_std": 149.29330159119667, "evaluation/target_3100_lenght_mean": 892.28, "evaluation/target_2700_lenght_mean": 923.24, "evaluation/target_3000_return_std": 676.81288896267, "evaluation/target_3400_return_std": 502.39626035534116, "evaluation/target_1900_return_std": 345.4167804509436, "evaluation/target_1800_return_std": 355.74605779315675, "evaluation/target_2800_return_mean": 2529.9479672085254, "evaluation/target_2900_lenght_std": 140.8040354535338, "evaluation/target_3300_lenght_std": 203.03539001858763, "evaluation/target_3300_return_std": 606.250905789859, "evaluation/target_3100_return_std": 690.969271256651, "evaluation/target_2200_lenght_mean": 921.54}
